Transaction ID,Date,Month,Customer ID,Gender,Age,Product Category,Quantity,Price per Unit,Total Amount
180,1/1/2023,January,CUST180,Male,41,Clothing,3,300,900
522,1/1/2023,January,CUST522,Male,46,Beauty,3,500,1500
559,1/1/2023,January,CUST559,Female,40,Clothing,4,300,1200
163,1/2/2023,January,CUST163,Female,64,Clothing,3,50,150
303,1/2/2023,January,CUST303,Male,19,Electronics,3,30,90
421,1/2/2023,January,CUST421,Female,37,Clothing,3,500,1500
979,1/2/2023,January,CUST979,Female,19,Beauty,1,25,25
610,1/3/2023,January,CUST610,Female,26,Beauty,2,300,600
32,1/4/2023,January,CUST032,Male,30,Beauty,3,30,90
231,1/4/2023,January,CUST231,Female,23,Clothing,3,50,150
683,1/4/2023,January,CUST683,Male,38,Beauty,2,500,1000
367,1/5/2023,January,CUST367,Female,57,Electronics,1,50,50
391,1/5/2023,January,CUST391,Male,19,Beauty,2,25,50
432,1/5/2023,January,CUST432,Female,60,Electronics,2,500,1000
150,1/6/2023,January,CUST150,Female,58,Electronics,4,30,120
845,1/6/2023,January,CUST845,Male,54,Clothing,1,500,500
797,1/7/2023,January,CUST797,Male,40,Clothing,3,25,75
921,1/7/2023,January,CUST921,Male,51,Electronics,3,25,75
291,1/8/2023,January,CUST291,Male,60,Clothing,2,300,600
907,1/8/2023,January,CUST907,Female,45,Electronics,1,25,25
860,1/9/2023,January,CUST860,Male,63,Clothing,4,50,200
184,1/10/2023,January,CUST184,Male,31,Electronics,4,50,200
734,1/10/2023,January,CUST734,Female,27,Clothing,1,30,30
225,1/11/2023,January,CUST225,Female,57,Beauty,4,25,100
679,1/11/2023,January,CUST679,Female,18,Beauty,3,30,90
746,1/11/2023,January,CUST746,Female,33,Clothing,3,30,90
3,1/13/2023,January,CUST003,Male,50,Electronics,1,30,30
464,1/13/2023,January,CUST464,Male,38,Electronics,2,300,600
484,1/13/2023,January,CUST484,Female,19,Clothing,4,300,1200
591,1/13/2023,January,CUST591,Male,53,Electronics,4,25,100
21,1/14/2023,January,CUST021,Female,50,Beauty,1,500,500
708,1/14/2023,January,CUST708,Female,43,Beauty,3,300,900
713,1/14/2023,January,CUST713,Male,34,Beauty,3,25,75
768,1/14/2023,January,CUST768,Female,24,Beauty,3,25,75
499,1/15/2023,January,CUST499,Male,46,Beauty,2,30,60
697,1/15/2023,January,CUST697,Male,53,Clothing,1,500,500
831,1/15/2023,January,CUST831,Male,27,Electronics,4,25,100
15,1/16/2023,January,CUST015,Female,42,Electronics,4,500,2000
743,1/16/2023,January,CUST743,Female,34,Beauty,4,500,2000
14,1/17/2023,January,CUST014,Male,64,Clothing,4,30,120
103,1/17/2023,January,CUST103,Female,59,Clothing,1,25,25
238,1/17/2023,January,CUST238,Female,39,Beauty,1,500,500
986,1/17/2023,January,CUST986,Female,49,Clothing,2,500,1000
438,1/19/2023,January,CUST438,Female,42,Clothing,1,30,30
475,1/20/2023,January,CUST475,Male,26,Clothing,3,25,75
505,1/20/2023,January,CUST505,Male,24,Beauty,1,50,50
344,1/21/2023,January,CUST344,Female,42,Beauty,1,30,30
448,1/21/2023,January,CUST448,Female,54,Beauty,2,30,60
742,1/21/2023,January,CUST742,Female,38,Electronics,4,500,2000
445,1/22/2023,January,CUST445,Female,53,Electronics,1,300,300
787,1/22/2023,January,CUST787,Male,41,Electronics,1,25,25
49,1/23/2023,January,CUST049,Female,54,Electronics,2,500,1000
420,1/23/2023,January,CUST420,Female,22,Clothing,4,500,2000
519,1/23/2023,January,CUST519,Female,36,Electronics,4,30,120
64,1/24/2023,January,CUST064,Male,49,Clothing,4,25,100
592,1/24/2023,January,CUST592,Female,46,Beauty,4,500,2000
912,1/24/2023,January,CUST912,Male,51,Beauty,3,50,150
134,1/25/2023,January,CUST134,Male,49,Electronics,1,50,50
288,1/26/2023,January,CUST288,Male,28,Clothing,4,30,120
323,1/26/2023,January,CUST323,Female,29,Beauty,3,300,900
618,1/26/2023,January,CUST618,Female,27,Beauty,1,50,50
720,1/26/2023,January,CUST720,Female,56,Beauty,3,500,1500
415,1/27/2023,January,CUST415,Male,53,Clothing,2,30,60
736,1/27/2023,January,CUST736,Male,29,Clothing,4,25,100
929,1/27/2023,January,CUST929,Female,23,Beauty,3,25,75
264,1/28/2023,January,CUST264,Male,47,Clothing,3,300,900
913,1/28/2023,January,CUST913,Male,29,Electronics,3,30,90
940,1/28/2023,January,CUST940,Female,20,Electronics,1,30,30
101,1/29/2023,January,CUST101,Male,32,Clothing,2,300,600
189,1/30/2023,January,CUST189,Male,63,Beauty,1,50,50
317,1/30/2023,January,CUST317,Male,22,Electronics,3,30,90
322,1/30/2023,January,CUST322,Male,51,Electronics,1,500,500
329,1/30/2023,January,CUST329,Female,46,Electronics,4,25,100
235,1/31/2023,January,CUST235,Female,23,Electronics,2,500,1000
300,1/31/2023,January,CUST300,Female,19,Electronics,4,50,200
964,1/31/2023,January,CUST964,Male,24,Clothing,3,300,900
269,2/1/2023,February,CUST269,Male,25,Clothing,4,500,2000
320,2/1/2023,February,CUST320,Female,28,Electronics,4,300,1200
673,2/1/2023,February,CUST673,Female,43,Clothing,3,500,1500
142,2/2/2023,February,CUST142,Male,35,Electronics,4,300,1200
223,2/2/2023,February,CUST223,Female,64,Clothing,1,25,25
666,2/2/2023,February,CUST666,Male,51,Electronics,3,50,150
107,2/3/2023,February,CUST107,Female,21,Clothing,4,300,1200
933,2/3/2023,February,CUST933,Male,22,Beauty,1,30,30
237,2/4/2023,February,CUST237,Female,50,Beauty,2,500,1000
335,2/4/2023,February,CUST335,Female,47,Beauty,4,30,120
63,2/5/2023,February,CUST063,Male,57,Electronics,2,25,50
195,2/5/2023,February,CUST195,Male,52,Clothing,1,30,30
333,2/5/2023,February,CUST333,Female,54,Electronics,4,300,1200
379,2/5/2023,February,CUST379,Female,47,Clothing,1,25,25
490,2/5/2023,February,CUST490,Male,34,Clothing,3,50,150
530,2/5/2023,February,CUST530,Female,18,Electronics,4,30,120
740,2/5/2023,February,CUST740,Female,25,Beauty,4,50,200
793,2/5/2023,February,CUST793,Male,54,Beauty,1,30,30
85,2/6/2023,February,CUST085,Male,31,Clothing,3,50,150
232,2/6/2023,February,CUST232,Female,43,Beauty,1,25,25
240,2/6/2023,February,CUST240,Female,23,Beauty,1,300,300
993,2/6/2023,February,CUST993,Female,48,Electronics,3,50,150
366,2/7/2023,February,CUST366,Male,57,Clothing,2,50,100
372,2/7/2023,February,CUST372,Female,24,Beauty,3,500,1500
596,2/7/2023,February,CUST596,Female,64,Electronics,1,300,300
936,2/7/2023,February,CUST936,Male,57,Beauty,4,50,200
284,2/8/2023,February,CUST284,Male,43,Clothing,4,50,200
434,2/8/2023,February,CUST434,Female,43,Electronics,2,25,50
775,2/8/2023,February,CUST775,Female,46,Electronics,4,25,100
977,2/8/2023,February,CUST977,Female,35,Electronics,3,25,75
649,2/9/2023,February,CUST649,Female,58,Clothing,2,300,600
54,2/10/2023,February,CUST054,Female,38,Electronics,3,500,1500
68,2/10/2023,February,CUST068,Male,25,Electronics,1,300,300
192,2/10/2023,February,CUST192,Male,62,Beauty,2,50,100
331,2/11/2023,February,CUST331,Male,28,Electronics,3,30,90
346,2/11/2023,February,CUST346,Male,59,Clothing,2,500,1000
657,2/11/2023,February,CUST657,Male,40,Clothing,1,25,25
732,2/11/2023,February,CUST732,Male,61,Electronics,2,500,1000
972,2/11/2023,February,CUST972,Male,49,Beauty,4,25,100
714,2/12/2023,February,CUST714,Female,18,Clothing,1,500,500
193,2/13/2023,February,CUST193,Male,35,Beauty,3,500,1500
577,2/13/2023,February,CUST577,Male,21,Beauty,4,500,2000
848,2/13/2023,February,CUST848,Female,63,Clothing,3,25,75
945,2/13/2023,February,CUST945,Male,30,Beauty,1,25,25
11,2/14/2023,February,CUST011,Male,23,Clothing,2,50,100
821,2/14/2023,February,CUST821,Male,49,Electronics,1,300,300
133,2/16/2023,February,CUST133,Male,20,Electronics,3,300,900
16,2/17/2023,February,CUST016,Male,19,Clothing,3,500,1500
42,2/17/2023,February,CUST042,Male,22,Clothing,3,300,900
292,2/17/2023,February,CUST292,Male,20,Beauty,4,300,1200
416,2/17/2023,February,CUST416,Male,53,Electronics,4,500,2000
584,2/17/2023,February,CUST584,Female,27,Beauty,4,50,200
861,2/17/2023,February,CUST861,Female,41,Clothing,3,30,90
256,2/18/2023,February,CUST256,Male,23,Clothing,2,500,1000
44,2/19/2023,February,CUST044,Female,22,Clothing,1,25,25
257,2/19/2023,February,CUST257,Male,19,Beauty,4,500,2000
268,2/20/2023,February,CUST268,Female,28,Electronics,1,30,30
287,2/20/2023,February,CUST287,Male,54,Clothing,4,25,100
966,2/20/2023,February,CUST966,Male,60,Electronics,2,500,1000
70,2/21/2023,February,CUST070,Female,43,Clothing,1,300,300
371,2/21/2023,February,CUST371,Female,20,Beauty,1,25,25
900,2/21/2023,February,CUST900,Male,21,Clothing,2,30,60
8,2/22/2023,February,CUST008,Male,30,Electronics,4,25,100
41,2/22/2023,February,CUST041,Male,34,Clothing,2,25,50
454,2/22/2023,February,CUST454,Female,46,Beauty,1,25,25
780,2/22/2023,February,CUST780,Male,52,Electronics,2,25,50
920,2/22/2023,February,CUST920,Female,28,Beauty,3,25,75
396,2/23/2023,February,CUST396,Female,55,Beauty,1,30,30
168,2/24/2023,February,CUST168,Male,53,Clothing,1,300,300
400,2/24/2023,February,CUST400,Male,53,Clothing,4,50,200
611,2/24/2023,February,CUST611,Male,51,Beauty,3,500,1500
800,2/24/2023,February,CUST800,Male,32,Clothing,4,300,1200
272,2/25/2023,February,CUST272,Female,61,Electronics,2,50,100
473,2/25/2023,February,CUST473,Male,64,Beauty,1,50,50
506,2/25/2023,February,CUST506,Male,34,Beauty,3,500,1500
766,2/25/2023,February,CUST766,Male,38,Electronics,3,300,900
135,2/26/2023,February,CUST135,Male,20,Clothing,2,25,50
2,2/27/2023,February,CUST002,Female,26,Clothing,2,500,1000
158,2/27/2023,February,CUST158,Female,44,Electronics,2,300,600
185,2/27/2023,February,CUST185,Male,24,Clothing,1,25,25
433,2/27/2023,February,CUST433,Male,29,Beauty,4,50,200
152,2/28/2023,February,CUST152,Male,43,Electronics,4,500,2000
753,2/28/2023,February,CUST753,Female,32,Clothing,1,30,30
763,2/28/2023,February,CUST763,Male,34,Clothing,2,25,50
932,2/28/2023,February,CUST932,Female,45,Beauty,4,25,100
399,3/1/2023,March,CUST399,Female,64,Beauty,2,30,60
500,3/1/2023,March,CUST500,Female,60,Beauty,4,25,100
514,3/1/2023,March,CUST514,Female,18,Electronics,1,300,300
947,3/2/2023,March,CUST947,Male,50,Beauty,1,300,300
220,3/3/2023,March,CUST220,Male,64,Beauty,1,500,500
339,3/3/2023,March,CUST339,Female,22,Electronics,2,25,50
785,3/3/2023,March,CUST785,Female,31,Beauty,4,50,200
885,3/3/2023,March,CUST885,Female,52,Clothing,4,30,120
888,3/3/2023,March,CUST888,Female,52,Electronics,4,25,100
621,3/4/2023,March,CUST621,Female,40,Beauty,2,500,1000
52,3/5/2023,March,CUST052,Female,36,Beauty,1,300,300
536,3/5/2023,March,CUST536,Female,55,Beauty,4,30,120
197,3/6/2023,March,CUST197,Female,42,Clothing,4,50,200
750,3/6/2023,March,CUST750,Female,35,Clothing,3,25,75
910,3/6/2023,March,CUST910,Female,20,Beauty,3,50,150
917,3/6/2023,March,CUST917,Female,57,Electronics,4,50,200
198,3/7/2023,March,CUST198,Female,54,Beauty,3,300,900
444,3/7/2023,March,CUST444,Female,61,Clothing,3,30,90
547,3/7/2023,March,CUST547,Male,63,Clothing,4,500,2000
705,3/7/2023,March,CUST705,Male,60,Electronics,2,25,50
423,3/8/2023,March,CUST423,Female,27,Clothing,1,25,25
248,3/9/2023,March,CUST248,Male,26,Clothing,3,300,900
360,3/9/2023,March,CUST360,Male,42,Clothing,4,25,100
377,3/9/2023,March,CUST377,Female,46,Clothing,4,50,200
397,3/10/2023,March,CUST397,Female,30,Beauty,1,25,25
623,3/10/2023,March,CUST623,Male,34,Clothing,3,50,150
717,3/11/2023,March,CUST717,Male,57,Clothing,1,500,500
130,3/12/2023,March,CUST130,Female,57,Clothing,1,500,500
658,3/12/2023,March,CUST658,Male,59,Clothing,1,25,25
7,3/13/2023,March,CUST007,Male,46,Clothing,2,25,50
119,3/13/2023,March,CUST119,Female,60,Clothing,3,50,150
278,3/13/2023,March,CUST278,Female,37,Clothing,4,25,100
117,3/15/2023,March,CUST117,Male,19,Electronics,2,500,1000
442,3/17/2023,March,CUST442,Female,60,Clothing,4,25,100
590,3/17/2023,March,CUST590,Male,36,Clothing,3,300,900
607,3/17/2023,March,CUST607,Male,54,Clothing,3,25,75
436,3/18/2023,March,CUST436,Female,57,Clothing,4,30,120
942,3/18/2023,March,CUST942,Male,51,Clothing,3,500,1500
659,3/19/2023,March,CUST659,Female,39,Electronics,1,30,30
941,3/19/2023,March,CUST941,Female,57,Clothing,2,25,50
136,3/20/2023,March,CUST136,Male,44,Electronics,2,300,600
175,3/20/2023,March,CUST175,Female,31,Electronics,4,25,100
663,3/20/2023,March,CUST663,Male,23,Clothing,4,300,1200
748,3/20/2023,March,CUST748,Male,25,Clothing,3,50,150
806,3/20/2023,March,CUST806,Female,35,Beauty,3,300,900
38,3/21/2023,March,CUST038,Male,38,Beauty,4,50,200
313,3/21/2023,March,CUST313,Female,55,Beauty,3,500,1500
402,3/21/2023,March,CUST402,Female,41,Clothing,2,300,600
459,3/21/2023,March,CUST459,Male,28,Clothing,4,300,1200
,,January,,,,,,,
161,3/22/2023,March,CUST161,Male,64,Beauty,2,500,1000
328,3/22/2023,March,CUST328,Male,39,Beauty,2,50,100
383,3/22/2023,March,CUST383,Female,46,Beauty,3,30,90
973,3/22/2023,March,CUST973,Male,60,Clothing,1,50,50
978,3/22/2023,March,CUST978,Female,53,Clothing,3,50,150
33,3/23/2023,March,CUST033,Female,50,Electronics,2,50,100
138,3/23/2023,March,CUST138,Male,49,Clothing,4,50,200
471,3/23/2023,March,CUST471,Male,32,Clothing,3,50,150
636,3/23/2023,March,CUST636,Female,21,Beauty,3,500,1500
177,3/24/2023,March,CUST177,Male,45,Beauty,2,50,100
426,3/24/2023,March,CUST426,Male,23,Electronics,3,50,150
76,3/25/2023,March,CUST076,Female,22,Electronics,2,50,100
91,3/25/2023,March,CUST091,Female,55,Electronics,1,500,500
461,3/25/2023,March,CUST461,Female,18,Beauty,2,500,1000
764,3/25/2023,March,CUST764,Female,40,Clothing,1,25,25
202,3/26/2023,March,CUST202,Female,34,Clothing,4,300,1200
301,3/26/2023,March,CUST301,Male,30,Clothing,4,30,120
703,3/26/2023,March,CUST703,Male,34,Electronics,2,50,100
294,3/27/2023,March,CUST294,Female,23,Clothing,3,30,90
760,3/27/2023,March,CUST760,Male,27,Beauty,1,500,500
575,3/28/2023,March,CUST575,Male,60,Clothing,2,50,100
88,3/29/2023,March,CUST088,Male,56,Clothing,1,500,500
975,3/30/2023,March,CUST975,Female,56,Clothing,4,50,200
553,3/31/2023,March,CUST553,Male,24,Clothing,4,300,1200
462,4/1/2023,April,CUST462,Male,63,Electronics,4,300,1200
614,4/1/2023,April,CUST614,Female,39,Beauty,4,300,1200
808,4/1/2023,April,CUST808,Male,33,Beauty,4,500,2000
166,4/2/2023,April,CUST166,Male,34,Clothing,4,500,2000
465,4/2/2023,April,CUST465,Female,43,Electronics,3,50,150
502,4/2/2023,April,CUST502,Male,43,Electronics,3,50,150
905,4/2/2023,April,CUST905,Male,58,Beauty,1,300,300
280,4/4/2023,April,CUST280,Female,37,Clothing,3,500,1500
719,4/4/2023,April,CUST719,Female,42,Clothing,2,30,60
834,4/4/2023,April,CUST834,Female,56,Beauty,2,30,60
891,4/5/2023,April,CUST891,Male,41,Electronics,3,300,900
928,4/5/2023,April,CUST928,Female,35,Clothing,4,300,1200
332,4/6/2023,April,CUST332,Male,58,Electronics,4,300,1200
255,4/8/2023,April,CUST255,Male,48,Clothing,1,30,30
275,4/8/2023,April,CUST275,Male,43,Clothing,2,500,1000
314,4/8/2023,April,CUST314,Male,52,Clothing,4,30,120
517,4/8/2023,April,CUST517,Female,47,Clothing,4,25,100
847,4/8/2023,April,CUST847,Female,18,Electronics,4,300,1200
61,4/9/2023,April,CUST061,Male,21,Beauty,4,50,200
274,4/9/2023,April,CUST274,Female,23,Clothing,2,500,1000
486,4/9/2023,April,CUST486,Female,35,Electronics,1,25,25
548,4/9/2023,April,CUST548,Female,51,Clothing,2,30,60
886,4/9/2023,April,CUST886,Male,37,Electronics,3,300,900
892,4/9/2023,April,CUST892,Male,20,Electronics,1,50,50
601,4/10/2023,April,CUST601,Male,19,Clothing,1,30,30
901,4/10/2023,April,CUST901,Male,31,Electronics,1,30,30
527,4/11/2023,April,CUST527,Male,57,Clothing,2,25,50
23,4/12/2023,April,CUST023,Female,35,Clothing,4,30,120
174,4/12/2023,April,CUST174,Female,39,Beauty,1,300,300
589,4/12/2023,April,CUST589,Female,36,Beauty,2,500,1000
774,4/12/2023,April,CUST774,Female,40,Clothing,2,25,50
1000,4/12/2023,April,CUST1000,Male,47,Electronics,4,30,120
210,4/13/2023,April,CUST210,Male,37,Electronics,4,50,200
478,4/13/2023,April,CUST478,Female,58,Clothing,2,30,60
745,4/13/2023,April,CUST745,Male,54,Beauty,2,50,100
354,4/15/2023,April,CUST354,Female,49,Beauty,4,50,200
408,4/15/2023,April,CUST408,Female,64,Beauty,1,500,500
674,4/16/2023,April,CUST674,Female,38,Clothing,1,300,300
967,4/17/2023,April,CUST967,Male,62,Beauty,1,25,25
79,4/18/2023,April,CUST079,Male,34,Beauty,1,300,300
406,4/18/2023,April,CUST406,Female,22,Beauty,4,25,100
450,4/18/2023,April,CUST450,Female,59,Beauty,2,25,50
562,4/18/2023,April,CUST562,Male,54,Electronics,2,25,50
108,4/19/2023,April,CUST108,Female,27,Beauty,3,25,75
111,4/19/2023,April,CUST111,Female,34,Electronics,3,500,1500
207,4/19/2023,April,CUST207,Female,42,Beauty,2,25,50
724,4/19/2023,April,CUST724,Male,61,Clothing,3,50,150
836,4/19/2023,April,CUST836,Female,22,Clothing,1,50,50
969,4/19/2023,April,CUST969,Female,40,Clothing,3,300,900
246,4/20/2023,April,CUST246,Female,48,Electronics,2,25,50
298,4/20/2023,April,CUST298,Male,27,Beauty,4,300,1200
374,4/20/2023,April,CUST374,Female,59,Beauty,3,25,75
572,4/20/2023,April,CUST572,Male,31,Clothing,4,500,2000
665,4/20/2023,April,CUST665,Male,57,Clothing,1,50,50
39,4/21/2023,April,CUST039,Male,23,Clothing,4,30,120
893,4/21/2023,April,CUST893,Male,49,Electronics,1,50,50
17,4/22/2023,April,CUST017,Female,27,Clothing,4,25,100
316,4/22/2023,April,CUST316,Female,48,Clothing,2,25,50
755,4/22/2023,April,CUST755,Female,58,Clothing,3,25,75
28,4/23/2023,April,CUST028,Female,43,Beauty,1,500,500
98,4/23/2023,April,CUST098,Female,55,Beauty,2,50,100
129,4/23/2023,April,CUST129,Female,21,Beauty,2,300,600
230,4/23/2023,April,CUST230,Male,54,Beauty,1,25,25
613,4/23/2023,April,CUST613,Female,52,Clothing,3,30,90
691,4/23/2023,April,CUST691,Female,51,Clothing,3,30,90
693,4/23/2023,April,CUST693,Male,41,Beauty,3,500,1500
477,4/24/2023,April,CUST477,Male,43,Clothing,4,30,120
863,4/24/2023,April,CUST863,Female,30,Electronics,2,25,50
6,4/25/2023,April,CUST006,Female,45,Beauty,1,30,30
483,4/25/2023,April,CUST483,Male,55,Clothing,1,30,30
738,4/25/2023,April,CUST738,Male,41,Clothing,2,50,100
222,4/26/2023,April,CUST222,Male,51,Clothing,4,30,120
588,4/26/2023,April,CUST588,Male,38,Electronics,2,30,60
953,4/26/2023,April,CUST953,Male,45,Beauty,3,30,90
66,4/27/2023,April,CUST066,Female,45,Electronics,1,30,30
482,4/27/2023,April,CUST482,Female,28,Clothing,4,300,1200
903,4/27/2023,April,CUST903,Female,51,Beauty,4,50,200
102,4/28/2023,April,CUST102,Female,47,Beauty,2,25,50
228,4/28/2023,April,CUST228,Female,59,Electronics,2,30,60
236,4/28/2023,April,CUST236,Female,54,Clothing,1,25,25
660,4/29/2023,April,CUST660,Female,38,Beauty,2,500,1000
884,4/29/2023,April,CUST884,Female,26,Clothing,2,30,60
987,4/29/2023,April,CUST987,Female,30,Clothing,3,300,900
18,4/30/2023,April,CUST018,Female,47,Electronics,2,25,50
69,4/30/2023,April,CUST069,Female,56,Beauty,3,25,75
995,4/30/2023,April,CUST995,Female,41,Clothing,1,30,30
337,5/1/2023,May,CUST337,Male,38,Clothing,1,500,500
585,5/1/2023,May,CUST585,Female,24,Clothing,1,25,25
652,5/1/2023,May,CUST652,Female,34,Beauty,2,50,100
242,5/2/2023,May,CUST242,Male,21,Clothing,1,25,25
293,5/2/2023,May,CUST293,Male,50,Electronics,3,30,90
460,5/2/2023,May,CUST460,Male,40,Beauty,1,50,50
188,5/3/2023,May,CUST188,Male,40,Clothing,3,25,75
357,5/3/2023,May,CUST357,Female,40,Electronics,3,25,75
646,5/3/2023,May,CUST646,Male,38,Clothing,3,30,90
749,5/3/2023,May,CUST749,Male,42,Beauty,1,30,30
974,5/3/2023,May,CUST974,Male,47,Beauty,1,30,30
190,5/4/2023,May,CUST190,Female,60,Beauty,3,30,90
849,5/4/2023,May,CUST849,Male,32,Clothing,2,25,50
853,5/4/2023,May,CUST853,Male,21,Beauty,2,500,1000
252,5/5/2023,May,CUST252,Male,54,Electronics,1,300,300
606,5/5/2023,May,CUST606,Male,22,Electronics,1,50,50
779,5/5/2023,May,CUST779,Female,56,Electronics,2,500,1000
824,5/5/2023,May,CUST824,Male,63,Clothing,4,30,120
866,5/5/2023,May,CUST866,Male,24,Electronics,1,50,50
5,5/6/2023,May,CUST005,Male,30,Beauty,2,50,100
90,5/6/2023,May,CUST090,Female,51,Electronics,1,30,30
380,5/6/2023,May,CUST380,Male,56,Electronics,2,300,600
593,5/6/2023,May,CUST593,Male,35,Electronics,2,30,60
820,5/6/2023,May,CUST820,Male,49,Electronics,4,50,200
120,5/7/2023,May,CUST120,Male,60,Beauty,1,50,50
221,5/7/2023,May,CUST221,Male,39,Beauty,2,300,600
341,5/7/2023,May,CUST341,Male,31,Clothing,4,50,200
640,5/7/2023,May,CUST640,Female,51,Electronics,4,30,120
744,5/7/2023,May,CUST744,Male,40,Electronics,1,25,25
273,5/8/2023,May,CUST273,Female,22,Beauty,1,50,50
283,5/8/2023,May,CUST283,Female,18,Electronics,1,500,500
452,5/8/2023,May,CUST452,Female,48,Clothing,3,500,1500
469,5/8/2023,May,CUST469,Male,18,Beauty,3,25,75
620,5/8/2023,May,CUST620,Male,63,Electronics,3,25,75
946,5/8/2023,May,CUST946,Male,62,Electronics,4,500,2000
148,5/9/2023,May,CUST148,Male,18,Clothing,2,30,60
414,5/9/2023,May,CUST414,Male,48,Beauty,4,25,100
883,5/9/2023,May,CUST883,Male,40,Electronics,1,500,500
731,5/10/2023,May,CUST731,Male,54,Clothing,4,500,2000
930,5/10/2023,May,CUST930,Male,54,Clothing,4,50,200
518,5/11/2023,May,CUST518,Female,40,Clothing,1,30,30
758,5/12/2023,May,CUST758,Male,64,Clothing,4,25,100
639,5/13/2023,May,CUST639,Female,62,Beauty,4,50,200
838,5/13/2023,May,CUST838,Male,47,Electronics,2,300,600
353,5/14/2023,May,CUST353,Male,31,Electronics,1,500,500
501,5/14/2023,May,CUST501,Male,39,Electronics,2,30,60
721,5/14/2023,May,CUST721,Female,52,Clothing,1,500,500
123,5/15/2023,May,CUST123,Female,40,Electronics,2,30,60
164,5/15/2023,May,CUST164,Female,47,Beauty,3,500,1500
425,5/15/2023,May,CUST425,Female,55,Electronics,4,30,120
48,5/16/2023,May,CUST048,Male,54,Electronics,3,300,900
118,5/16/2023,May,CUST118,Female,30,Electronics,4,500,2000
203,5/16/2023,May,CUST203,Male,56,Clothing,2,500,1000
305,5/16/2023,May,CUST305,Female,18,Beauty,1,30,30
358,5/16/2023,May,CUST358,Female,32,Beauty,1,300,300
376,5/16/2023,May,CUST376,Female,64,Beauty,1,30,30
398,5/16/2023,May,CUST398,Female,48,Clothing,2,300,600
411,5/16/2023,May,CUST411,Male,62,Electronics,4,50,200
504,5/16/2023,May,CUST504,Female,38,Beauty,3,50,150
970,5/16/2023,May,CUST970,Male,59,Electronics,4,500,2000
996,5/16/2023,May,CUST996,Male,62,Clothing,1,50,50
81,5/17/2023,May,CUST081,Male,40,Electronics,1,50,50
155,5/17/2023,May,CUST155,Male,31,Electronics,4,500,2000
470,5/17/2023,May,CUST470,Female,57,Clothing,2,500,1000
106,5/18/2023,May,CUST106,Female,46,Clothing,1,50,50
818,5/18/2023,May,CUST818,Male,30,Electronics,1,500,500
94,5/19/2023,May,CUST094,Female,47,Beauty,2,500,1000
811,5/19/2023,May,CUST811,Male,61,Beauty,2,25,50
881,5/19/2023,May,CUST881,Male,22,Electronics,1,300,300
403,5/20/2023,May,CUST403,Male,32,Clothing,2,300,600
653,5/20/2023,May,CUST653,Male,54,Clothing,3,25,75
694,5/20/2023,May,CUST694,Female,39,Electronics,2,25,50
4,5/21/2023,May,CUST004,Male,37,Clothing,1,500,500
647,5/21/2023,May,CUST647,Male,59,Clothing,3,500,1500
911,5/21/2023,May,CUST911,Male,42,Electronics,3,300,900
419,5/22/2023,May,CUST419,Female,44,Clothing,3,30,90
642,5/22/2023,May,CUST642,Female,54,Clothing,4,25,100
843,5/22/2023,May,CUST843,Male,21,Beauty,3,500,1500
895,5/22/2023,May,CUST895,Female,55,Clothing,4,30,120
31,5/23/2023,May,CUST031,Male,44,Electronics,4,300,1200
37,5/23/2023,May,CUST037,Female,18,Beauty,3,25,75
72,5/23/2023,May,CUST072,Female,20,Electronics,4,500,2000
243,5/23/2023,May,CUST243,Female,47,Electronics,3,300,900
281,5/23/2023,May,CUST281,Female,29,Beauty,4,500,2000
489,5/23/2023,May,CUST489,Male,44,Electronics,1,30,30
491,5/23/2023,May,CUST491,Female,60,Electronics,3,300,900
729,5/23/2023,May,CUST729,Male,29,Clothing,4,300,1200
822,5/23/2023,May,CUST822,Female,52,Beauty,3,50,150
840,5/24/2023,May,CUST840,Male,62,Clothing,2,25,50
404,5/25/2023,May,CUST404,Male,46,Electronics,2,500,1000
899,5/25/2023,May,CUST899,Male,26,Clothing,2,300,600
990,5/25/2023,May,CUST990,Female,58,Beauty,2,500,1000
382,5/26/2023,May,CUST382,Female,53,Clothing,2,500,1000
578,5/26/2023,May,CUST578,Female,54,Clothing,4,30,120
923,5/26/2023,May,CUST923,Male,32,Beauty,3,300,900
307,5/27/2023,May,CUST307,Female,26,Electronics,2,25,50
561,5/27/2023,May,CUST561,Female,64,Clothing,4,500,2000
651,5/27/2023,May,CUST651,Male,51,Clothing,3,50,150
988,5/28/2023,May,CUST988,Female,63,Clothing,3,25,75
67,5/29/2023,May,CUST067,Female,48,Beauty,4,300,1200
915,5/30/2023,May,CUST915,Female,26,Beauty,3,30,90
985,5/30/2023,May,CUST985,Female,19,Electronics,2,25,50
56,5/31/2023,May,CUST056,Female,26,Clothing,3,300,900
159,5/31/2023,May,CUST159,Male,26,Clothing,4,50,200
862,5/31/2023,May,CUST862,Male,28,Electronics,4,300,1200
315,6/1/2023,June,CUST315,Male,47,Clothing,2,30,60
545,6/1/2023,June,CUST545,Male,27,Clothing,2,25,50
902,6/1/2023,June,CUST902,Female,54,Beauty,1,50,50
170,6/2/2023,June,CUST170,Female,25,Clothing,2,25,50
685,6/2/2023,June,CUST685,Male,57,Electronics,2,25,50
958,6/2/2023,June,CUST958,Male,62,Electronics,2,25,50
363,6/3/2023,June,CUST363,Male,64,Beauty,1,25,25
394,6/3/2023,June,CUST394,Female,27,Clothing,1,500,500
537,6/3/2023,June,CUST537,Female,21,Beauty,1,500,500
387,6/4/2023,June,CUST387,Male,44,Beauty,1,30,30
556,6/4/2023,June,CUST556,Female,18,Electronics,1,50,50
782,6/4/2023,June,CUST782,Male,59,Clothing,3,300,900
906,6/4/2023,June,CUST906,Female,20,Clothing,1,50,50
560,6/5/2023,June,CUST560,Female,25,Electronics,1,50,50
944,6/5/2023,June,CUST944,Male,44,Clothing,2,25,50
481,6/6/2023,June,CUST481,Female,43,Electronics,4,300,1200
867,6/6/2023,June,CUST867,Male,21,Electronics,1,500,500
882,6/6/2023,June,CUST882,Female,64,Electronics,2,25,50
961,6/6/2023,June,CUST961,Male,53,Beauty,4,50,200
187,6/7/2023,June,CUST187,Female,64,Clothing,2,50,100
446,6/7/2023,June,CUST446,Male,21,Electronics,1,50,50
539,6/8/2023,June,CUST539,Male,25,Beauty,1,500,500
587,6/8/2023,June,CUST587,Female,40,Beauty,4,300,1200
212,6/9/2023,June,CUST212,Male,21,Clothing,3,500,1500
765,6/9/2023,June,CUST765,Male,43,Clothing,4,50,200
769,6/9/2023,June,CUST769,Female,31,Electronics,4,30,120
321,6/10/2023,June,CUST321,Female,26,Electronics,2,25,50
356,6/10/2023,June,CUST356,Male,50,Electronics,3,500,1500
510,6/10/2023,June,CUST510,Female,39,Beauty,4,50,200
534,6/10/2023,June,CUST534,Male,45,Clothing,2,500,1000
104,6/11/2023,June,CUST104,Female,34,Beauty,2,500,1000
110,6/11/2023,June,CUST110,Male,27,Clothing,3,300,900
352,6/11/2023,June,CUST352,Male,57,Electronics,2,500,1000
365,6/11/2023,June,CUST365,Male,31,Clothing,1,300,300
887,6/11/2023,June,CUST887,Male,59,Clothing,4,25,100
629,6/12/2023,June,CUST629,Male,62,Electronics,2,25,50
655,6/13/2023,June,CUST655,Female,55,Clothing,1,500,500
567,6/14/2023,June,CUST567,Female,25,Clothing,3,300,900
182,6/15/2023,June,CUST182,Male,62,Beauty,4,30,120
819,6/15/2023,June,CUST819,Female,35,Beauty,2,50,100
100,6/16/2023,June,CUST100,Male,41,Electronics,1,30,30
833,6/16/2023,June,CUST833,Male,42,Beauty,4,50,200
542,6/17/2023,June,CUST542,Female,20,Beauty,1,50,50
723,6/17/2023,June,CUST723,Female,54,Beauty,4,50,200
726,6/17/2023,June,CUST726,Male,47,Clothing,4,300,1200
488,6/18/2023,June,CUST488,Female,51,Electronics,3,300,900
239,6/19/2023,June,CUST239,Male,38,Electronics,3,500,1500
498,6/19/2023,June,CUST498,Female,50,Clothing,4,25,100
532,6/19/2023,June,CUST532,Female,64,Clothing,4,30,120
669,6/19/2023,June,CUST669,Male,24,Beauty,4,300,1200
877,6/19/2023,June,CUST877,Female,58,Clothing,1,25,25
422,6/20/2023,June,CUST422,Female,28,Clothing,3,30,90
466,6/20/2023,June,CUST466,Male,63,Electronics,4,25,100
583,6/21/2023,June,CUST583,Female,24,Electronics,4,25,100
654,6/21/2023,June,CUST654,Male,42,Clothing,3,25,75
40,6/22/2023,June,CUST040,Male,45,Beauty,1,50,50
699,6/22/2023,June,CUST699,Female,37,Clothing,4,30,120
727,6/22/2023,June,CUST727,Male,55,Beauty,3,300,900
830,6/22/2023,June,CUST830,Female,64,Clothing,3,50,150
224,6/23/2023,June,CUST224,Female,25,Clothing,1,50,50
271,6/23/2023,June,CUST271,Female,62,Beauty,4,30,120
36,6/24/2023,June,CUST036,Male,52,Beauty,3,300,900
157,6/24/2023,June,CUST157,Male,62,Electronics,4,500,2000
796,6/24/2023,June,CUST796,Male,43,Beauty,4,30,120
839,6/24/2023,June,CUST839,Female,20,Electronics,4,300,1200
927,6/24/2023,June,CUST927,Male,43,Electronics,4,500,2000
407,6/25/2023,June,CUST407,Female,46,Electronics,3,300,900
46,6/26/2023,June,CUST046,Female,20,Electronics,4,300,1200
509,6/26/2023,June,CUST509,Female,37,Electronics,3,300,900
874,6/26/2023,June,CUST874,Male,60,Beauty,1,30,30
788,6/27/2023,June,CUST788,Female,52,Beauty,3,300,900
378,6/28/2023,June,CUST378,Male,50,Beauty,1,300,300
480,6/29/2023,June,CUST480,Female,42,Beauty,4,500,2000
492,6/29/2023,June,CUST492,Male,61,Beauty,4,25,100
737,6/29/2023,June,CUST737,Female,33,Clothing,1,50,50
684,6/30/2023,June,CUST684,Female,28,Clothing,2,500,1000
878,6/30/2023,June,CUST878,Female,20,Clothing,1,30,30
78,7/1/2023,July,CUST078,Female,47,Clothing,3,500,1500
260,7/1/2023,July,CUST260,Male,28,Beauty,2,30,60
455,7/1/2023,July,CUST455,Male,31,Electronics,4,25,100
837,7/1/2023,July,CUST837,Male,18,Beauty,3,30,90
45,7/3/2023,July,CUST045,Female,55,Electronics,1,30,30
449,7/3/2023,July,CUST449,Male,25,Electronics,4,50,200
904,7/4/2023,July,CUST904,Male,28,Clothing,1,500,500
59,7/5/2023,July,CUST059,Male,62,Clothing,1,50,50
128,7/5/2023,July,CUST128,Male,25,Beauty,1,500,500
186,7/5/2023,July,CUST186,Male,20,Clothing,4,50,200
802,7/5/2023,July,CUST802,Female,46,Beauty,1,30,30
75,7/6/2023,July,CUST075,Male,61,Beauty,4,50,200
447,7/6/2023,July,CUST447,Male,22,Beauty,4,500,2000
528,7/6/2023,July,CUST528,Female,36,Clothing,2,30,60
759,7/8/2023,July,CUST759,Male,49,Electronics,2,50,100
870,7/8/2023,July,CUST870,Female,46,Electronics,4,30,120
77,7/9/2023,July,CUST077,Female,47,Clothing,2,50,100
381,7/9/2023,July,CUST381,Female,44,Clothing,4,25,100
439,7/9/2023,July,CUST439,Male,50,Clothing,3,25,75
792,7/9/2023,July,CUST792,Female,20,Beauty,1,50,50
176,7/11/2023,July,CUST176,Female,43,Beauty,2,50,100
216,7/11/2023,July,CUST216,Male,62,Electronics,2,50,100
772,7/12/2023,July,CUST772,Male,26,Electronics,1,30,30
53,7/13/2023,July,CUST053,Male,34,Electronics,2,50,100
43,7/14/2023,July,CUST043,Female,48,Clothing,1,300,300
71,7/14/2023,July,CUST071,Female,51,Beauty,4,25,100
93,7/14/2023,July,CUST093,Female,35,Beauty,4,500,2000
302,7/14/2023,July,CUST302,Male,57,Beauty,2,300,600
551,7/14/2023,July,CUST551,Male,45,Electronics,3,300,900
681,7/14/2023,July,CUST681,Female,43,Electronics,2,30,60
722,7/14/2023,July,CUST722,Male,20,Beauty,3,300,900
728,7/14/2023,July,CUST728,Male,51,Electronics,3,50,150
829,7/14/2023,July,CUST829,Male,61,Beauty,3,30,90
955,7/14/2023,July,CUST955,Male,58,Clothing,1,25,25
144,7/15/2023,July,CUST144,Female,59,Beauty,3,500,1500
474,7/15/2023,July,CUST474,Female,26,Clothing,3,500,1500
603,7/16/2023,July,CUST603,Female,40,Clothing,3,30,90
661,7/16/2023,July,CUST661,Female,44,Clothing,4,25,100
143,7/17/2023,July,CUST143,Female,45,Clothing,1,50,50
515,7/17/2023,July,CUST515,Female,49,Clothing,3,300,900
304,7/19/2023,July,CUST304,Female,37,Electronics,2,30,60
676,7/19/2023,July,CUST676,Male,63,Electronics,3,500,1500
686,7/19/2023,July,CUST686,Female,28,Electronics,4,50,200
698,7/19/2023,July,CUST698,Female,64,Electronics,1,300,300
709,7/21/2023,July,CUST709,Female,19,Electronics,2,500,1000
114,7/22/2023,July,CUST114,Female,22,Beauty,4,25,100
359,7/22/2023,July,CUST359,Male,50,Clothing,1,50,50
773,7/23/2023,July,CUST773,Male,25,Electronics,4,500,2000
127,7/24/2023,July,CUST127,Female,33,Clothing,2,25,50
213,7/24/2023,July,CUST213,Male,27,Beauty,3,500,1500
487,7/24/2023,July,CUST487,Male,44,Clothing,4,500,2000
495,7/24/2023,July,CUST495,Male,24,Beauty,2,30,60
605,7/24/2023,July,CUST605,Male,37,Electronics,2,500,1000
105,7/25/2023,July,CUST105,Female,22,Electronics,1,500,500
299,7/25/2023,July,CUST299,Male,61,Electronics,2,500,1000
934,7/25/2023,July,CUST934,Male,30,Beauty,1,500,500
270,7/26/2023,July,CUST270,Male,43,Electronics,1,300,300
338,7/26/2023,July,CUST338,Male,54,Beauty,2,50,100
543,7/26/2023,July,CUST543,Male,49,Beauty,2,300,600
557,7/27/2023,July,CUST557,Female,20,Beauty,3,30,90
702,7/27/2023,July,CUST702,Female,60,Clothing,2,300,600
864,7/27/2023,July,CUST864,Female,51,Electronics,1,500,500
254,7/28/2023,July,CUST254,Male,41,Electronics,1,500,500
295,7/28/2023,July,CUST295,Female,27,Beauty,3,300,900
457,7/28/2023,July,CUST457,Female,58,Beauty,3,300,900
668,7/28/2023,July,CUST668,Female,62,Electronics,3,50,150
850,7/28/2023,July,CUST850,Female,26,Beauty,2,500,1000
541,7/29/2023,July,CUST541,Male,56,Beauty,1,500,500
980,7/29/2023,July,CUST980,Female,31,Electronics,3,25,75
262,7/30/2023,July,CUST262,Female,32,Beauty,4,30,120
467,7/30/2023,July,CUST467,Female,53,Electronics,3,50,150
463,7/31/2023,July,CUST463,Female,54,Beauty,3,500,1500
598,8/1/2023,August,CUST598,Male,37,Beauty,4,30,120
667,8/1/2023,August,CUST667,Female,29,Electronics,1,500,500
672,8/1/2023,August,CUST672,Female,34,Beauty,2,50,100
949,8/2/2023,August,CUST949,Female,41,Electronics,2,25,50
27,8/3/2023,August,CUST027,Female,38,Beauty,2,25,50
347,8/3/2023,August,CUST347,Male,42,Electronics,1,25,25
687,8/3/2023,August,CUST687,Female,53,Electronics,1,300,300
549,8/4/2023,August,CUST549,Female,50,Beauty,2,50,100
675,8/4/2023,August,CUST675,Female,45,Clothing,2,30,60
730,8/4/2023,August,CUST730,Female,36,Clothing,2,25,50
798,8/4/2023,August,CUST798,Male,61,Clothing,1,50,50
13,8/5/2023,August,CUST013,Male,22,Electronics,3,500,1500
35,8/5/2023,August,CUST035,Female,58,Beauty,3,300,900
140,8/5/2023,August,CUST140,Male,38,Electronics,1,30,30
206,8/5/2023,August,CUST206,Male,61,Clothing,1,25,25
261,8/5/2023,August,CUST261,Male,21,Clothing,2,25,50
279,8/5/2023,August,CUST279,Male,50,Clothing,1,500,500
308,8/5/2023,August,CUST308,Female,34,Beauty,4,300,1200
418,8/5/2023,August,CUST418,Female,60,Electronics,2,500,1000
612,8/6/2023,August,CUST612,Female,61,Electronics,1,500,500
875,8/6/2023,August,CUST875,Female,51,Electronics,4,500,2000
430,8/7/2023,August,CUST430,Female,43,Electronics,3,300,900
633,8/7/2023,August,CUST633,Male,39,Beauty,4,30,120
125,8/8/2023,August,CUST125,Male,48,Clothing,2,50,100
716,8/8/2023,August,CUST716,Female,60,Clothing,4,300,1200
790,8/8/2023,August,CUST790,Male,62,Clothing,1,25,25
960,8/8/2023,August,CUST960,Male,59,Clothing,2,30,60
259,8/9/2023,August,CUST259,Female,45,Clothing,4,50,200
443,8/9/2023,August,CUST443,Male,29,Clothing,2,300,600
529,8/9/2023,August,CUST529,Female,35,Clothing,3,50,150
563,8/9/2023,August,CUST563,Male,20,Clothing,2,30,60
801,8/10/2023,August,CUST801,Male,21,Clothing,4,50,200
160,8/11/2023,August,CUST160,Female,43,Clothing,2,50,100
508,8/11/2023,August,CUST508,Male,58,Beauty,2,300,600
807,8/11/2023,August,CUST807,Female,50,Electronics,4,50,200
511,8/12/2023,August,CUST511,Male,45,Beauty,2,50,100
521,8/12/2023,August,CUST521,Female,47,Clothing,4,30,120
695,8/12/2023,August,CUST695,Female,22,Electronics,3,50,150
816,8/12/2023,August,CUST816,Male,47,Beauty,2,500,1000
217,8/13/2023,August,CUST217,Female,35,Electronics,4,50,200
384,8/13/2023,August,CUST384,Male,55,Clothing,1,500,500
648,8/14/2023,August,CUST648,Male,53,Beauty,4,300,1200
926,8/14/2023,August,CUST926,Male,22,Electronics,1,30,30
285,8/15/2023,August,CUST285,Female,31,Electronics,1,25,25
427,8/15/2023,August,CUST427,Male,25,Electronics,1,25,25
569,8/15/2023,August,CUST569,Male,52,Electronics,4,50,200
570,8/15/2023,August,CUST570,Male,49,Clothing,1,500,500
630,8/15/2023,August,CUST630,Male,42,Clothing,2,50,100
957,8/15/2023,August,CUST957,Female,60,Electronics,4,30,120
635,8/17/2023,August,CUST635,Female,63,Electronics,3,300,900
29,8/18/2023,August,CUST029,Female,42,Electronics,1,30,30
277,8/18/2023,August,CUST277,Male,36,Clothing,4,25,100
859,8/18/2023,August,CUST859,Female,56,Electronics,3,500,1500
638,8/19/2023,August,CUST638,Male,46,Electronics,1,500,500
823,8/19/2023,August,CUST823,Female,56,Electronics,2,50,100
956,8/19/2023,August,CUST956,Male,30,Clothing,3,500,1500
981,8/19/2023,August,CUST981,Female,30,Electronics,2,30,60
219,8/20/2023,August,CUST219,Female,53,Electronics,3,30,90
73,8/21/2023,August,CUST073,Male,29,Electronics,3,30,90
162,8/21/2023,August,CUST162,Male,39,Clothing,2,30,60
306,8/21/2023,August,CUST306,Male,54,Electronics,1,50,50
725,8/21/2023,August,CUST725,Male,61,Electronics,1,300,300
880,8/21/2023,August,CUST880,Male,22,Beauty,2,500,1000
992,8/21/2023,August,CUST992,Female,57,Electronics,2,30,60
597,8/22/2023,August,CUST597,Male,22,Beauty,4,300,1200
622,8/22/2023,August,CUST622,Female,49,Beauty,3,25,75
116,8/23/2023,August,CUST116,Female,23,Clothing,1,30,30
364,8/23/2023,August,CUST364,Female,19,Beauty,1,500,500
368,8/23/2023,August,CUST368,Female,56,Clothing,4,300,1200
50,8/24/2023,August,CUST050,Female,27,Beauty,3,25,75
479,8/24/2023,August,CUST479,Male,52,Electronics,4,300,1200
804,8/24/2023,August,CUST804,Male,42,Electronics,1,30,30
92,8/25/2023,August,CUST092,Female,51,Electronics,4,30,120
282,8/25/2023,August,CUST282,Female,64,Electronics,4,50,200
,,January,,,,,,,
718,8/25/2023,August,CUST718,Female,59,Beauty,3,25,75
617,8/26/2023,August,CUST617,Male,34,Electronics,1,30,30
624,8/26/2023,August,CUST624,Female,34,Beauty,3,300,900
825,8/26/2023,August,CUST825,Female,46,Beauty,1,25,25
568,8/27/2023,August,CUST568,Female,51,Electronics,1,300,300
671,8/27/2023,August,CUST671,Male,62,Electronics,3,50,150
756,8/27/2023,August,CUST756,Female,62,Electronics,4,300,1200
815,8/27/2023,August,CUST815,Female,51,Clothing,3,25,75
146,8/28/2023,August,CUST146,Male,38,Clothing,4,50,200
263,8/28/2023,August,CUST263,Male,23,Beauty,2,30,60
704,8/28/2023,August,CUST704,Female,62,Clothing,3,30,90
476,8/29/2023,August,CUST476,Female,27,Clothing,4,500,2000
733,8/29/2023,August,CUST733,Male,34,Beauty,1,30,30
924,8/29/2023,August,CUST924,Male,55,Beauty,2,50,100
984,8/29/2023,August,CUST984,Male,56,Clothing,1,500,500
251,8/31/2023,August,CUST251,Female,57,Beauty,4,50,200
253,8/31/2023,August,CUST253,Female,53,Clothing,4,500,2000
574,8/31/2023,August,CUST574,Female,63,Electronics,2,25,50
751,8/31/2023,August,CUST751,Female,42,Clothing,2,25,50
871,8/31/2023,August,CUST871,Male,62,Beauty,2,30,60
200,9/1/2023,September,CUST200,Male,27,Beauty,3,50,150
594,9/1/2023,September,CUST594,Female,19,Electronics,2,300,600
637,9/1/2023,September,CUST637,Male,43,Clothing,2,300,600
855,9/1/2023,September,CUST855,Male,54,Beauty,1,25,25
325,9/2/2023,September,CUST325,Female,52,Electronics,2,25,50
682,9/2/2023,September,CUST682,Male,46,Beauty,4,300,1200
931,9/2/2023,September,CUST931,Male,30,Beauty,4,30,120
925,9/3/2023,September,CUST925,Male,25,Electronics,1,300,300
297,9/4/2023,September,CUST297,Female,40,Electronics,2,500,1000
814,9/5/2023,September,CUST814,Female,59,Clothing,1,500,500
894,9/5/2023,September,CUST894,Male,52,Electronics,1,30,30
194,9/6/2023,September,CUST194,Male,55,Clothing,4,50,200
245,9/6/2023,September,CUST245,Male,47,Clothing,3,30,90
296,9/6/2023,September,CUST296,Female,22,Clothing,4,300,1200
644,9/6/2023,September,CUST644,Male,23,Beauty,3,25,75
696,9/6/2023,September,CUST696,Female,50,Clothing,4,50,200
312,9/7/2023,September,CUST312,Male,41,Clothing,4,30,120
692,9/7/2023,September,CUST692,Female,64,Clothing,2,50,100
835,9/7/2023,September,CUST835,Male,37,Clothing,4,50,200
183,9/8/2023,September,CUST183,Female,43,Beauty,3,300,900
413,9/8/2023,September,CUST413,Female,44,Beauty,3,25,75
799,9/8/2023,September,CUST799,Male,56,Electronics,2,50,100
851,9/8/2023,September,CUST851,Male,32,Electronics,2,25,50
858,9/9/2023,September,CUST858,Male,23,Electronics,2,50,100
919,9/9/2023,September,CUST919,Female,22,Beauty,2,25,50
935,9/9/2023,September,CUST935,Female,34,Beauty,1,50,50
132,9/10/2023,September,CUST132,Male,42,Electronics,4,50,200
604,9/11/2023,September,CUST604,Female,29,Electronics,4,50,200
832,9/11/2023,September,CUST832,Male,47,Beauty,4,500,2000
113,9/13/2023,September,CUST113,Female,41,Electronics,2,25,50
165,9/14/2023,September,CUST165,Female,60,Clothing,4,300,1200
326,9/15/2023,September,CUST326,Female,18,Clothing,3,25,75
19,9/16/2023,September,CUST019,Female,62,Clothing,2,25,50
412,9/16/2023,September,CUST412,Female,19,Electronics,4,500,2000
632,9/16/2023,September,CUST632,Female,26,Electronics,4,25,100
167,9/17/2023,September,CUST167,Female,43,Clothing,3,50,150
172,9/17/2023,September,CUST172,Male,32,Beauty,2,25,50
375,9/17/2023,September,CUST375,Male,32,Clothing,1,50,50
538,9/17/2023,September,CUST538,Male,18,Clothing,3,50,150
794,9/17/2023,September,CUST794,Female,60,Beauty,1,300,300
131,9/18/2023,September,CUST131,Female,21,Beauty,2,300,600
330,9/18/2023,September,CUST330,Female,25,Beauty,4,50,200
494,9/18/2023,September,CUST494,Female,42,Beauty,4,50,200
513,9/19/2023,September,CUST513,Male,24,Electronics,4,25,100
573,9/19/2023,September,CUST573,Male,49,Beauty,2,30,60
241,9/21/2023,September,CUST241,Female,23,Electronics,3,25,75
579,9/21/2023,September,CUST579,Female,38,Electronics,1,30,30
218,9/22/2023,September,CUST218,Male,64,Beauty,3,30,90
846,9/22/2023,September,CUST846,Male,42,Beauty,1,50,50
616,9/23/2023,September,CUST616,Male,41,Clothing,2,50,100
523,9/24/2023,September,CUST523,Female,62,Electronics,1,300,300
643,9/24/2023,September,CUST643,Female,28,Electronics,3,30,90
351,9/25/2023,September,CUST351,Female,56,Clothing,3,30,90
809,9/25/2023,September,CUST809,Female,62,Beauty,2,50,100
954,9/25/2023,September,CUST954,Female,50,Electronics,3,300,900
897,9/26/2023,September,CUST897,Female,64,Electronics,2,50,100
147,9/28/2023,September,CUST147,Male,23,Electronics,1,300,300
204,9/28/2023,September,CUST204,Male,39,Beauty,1,25,25
390,9/28/2023,September,CUST390,Male,39,Electronics,2,50,100
179,9/29/2023,September,CUST179,Male,31,Electronics,1,300,300
327,9/29/2023,September,CUST327,Male,57,Electronics,3,50,150
626,9/29/2023,September,CUST626,Female,26,Clothing,4,500,2000
873,9/29/2023,September,CUST873,Female,27,Electronics,4,25,100
196,9/30/2023,September,CUST196,Female,32,Clothing,3,300,900
789,9/30/2023,September,CUST789,Female,61,Clothing,4,500,2000
89,10/1/2023,October,CUST089,Female,55,Electronics,4,500,2000
707,10/1/2023,October,CUST707,Female,26,Clothing,1,500,500
909,10/1/2023,October,CUST909,Male,26,Electronics,1,300,300
51,10/2/2023,October,CUST051,Male,27,Beauty,3,25,75
154,10/2/2023,October,CUST154,Male,51,Electronics,3,300,900
276,10/2/2023,October,CUST276,Female,21,Beauty,4,25,100
497,10/2/2023,October,CUST497,Male,41,Clothing,4,30,120
889,10/2/2023,October,CUST889,Female,35,Electronics,1,50,50
122,10/3/2023,October,CUST122,Male,64,Electronics,4,30,120
373,10/3/2023,October,CUST373,Female,25,Beauty,2,300,600
524,10/3/2023,October,CUST524,Male,46,Beauty,4,300,1200
688,10/3/2023,October,CUST688,Male,56,Clothing,4,25,100
813,10/3/2023,October,CUST813,Male,52,Electronics,3,50,150
178,10/4/2023,October,CUST178,Male,40,Clothing,2,30,60
208,10/4/2023,October,CUST208,Female,34,Electronics,4,50,200
247,10/4/2023,October,CUST247,Male,41,Electronics,2,30,60
290,10/4/2023,October,CUST290,Female,30,Beauty,2,300,600
656,10/4/2023,October,CUST656,Male,29,Beauty,3,30,90
735,10/4/2023,October,CUST735,Female,64,Clothing,4,500,2000
319,10/5/2023,October,CUST319,Male,31,Clothing,1,500,500
670,10/5/2023,October,CUST670,Male,27,Beauty,1,30,30
385,10/6/2023,October,CUST385,Male,50,Electronics,3,500,1500
10,10/7/2023,October,CUST010,Female,52,Clothing,4,50,200
26,10/7/2023,October,CUST026,Female,28,Electronics,2,500,1000
437,10/7/2023,October,CUST437,Female,35,Electronics,4,300,1200
689,10/7/2023,October,CUST689,Male,57,Electronics,2,50,100
558,10/8/2023,October,CUST558,Female,41,Clothing,1,25,25
634,10/8/2023,October,CUST634,Male,60,Electronics,4,500,2000
201,10/9/2023,October,CUST201,Male,56,Electronics,1,25,25
286,10/9/2023,October,CUST286,Male,55,Electronics,2,25,50
876,10/9/2023,October,CUST876,Male,43,Clothing,4,30,120
55,10/10/2023,October,CUST055,Male,31,Beauty,4,30,120
428,10/10/2023,October,CUST428,Female,40,Electronics,4,50,200
441,10/10/2023,October,CUST441,Male,57,Beauty,4,300,1200
976,10/10/2023,October,CUST976,Female,48,Beauty,2,300,600
149,10/11/2023,October,CUST149,Male,22,Clothing,3,25,75
227,10/11/2023,October,CUST227,Male,36,Electronics,2,50,100
393,10/11/2023,October,CUST393,Female,22,Beauty,2,500,1000
401,10/11/2023,October,CUST401,Female,62,Clothing,1,300,300
546,10/11/2023,October,CUST546,Female,36,Electronics,4,50,200
872,10/11/2023,October,CUST872,Female,63,Beauty,3,25,75
914,10/11/2023,October,CUST914,Female,59,Electronics,1,500,500
310,10/12/2023,October,CUST310,Female,28,Beauty,1,25,25
844,10/12/2023,October,CUST844,Male,35,Clothing,3,50,150
852,10/12/2023,October,CUST852,Female,41,Clothing,1,300,300
97,10/13/2023,October,CUST097,Female,51,Beauty,2,500,1000
619,10/13/2023,October,CUST619,Male,47,Electronics,4,25,100
948,10/13/2023,October,CUST948,Female,23,Electronics,3,25,75
456,10/14/2023,October,CUST456,Male,57,Electronics,2,30,60
627,10/14/2023,October,CUST627,Male,57,Clothing,1,50,50
22,10/15/2023,October,CUST022,Male,18,Clothing,2,50,100
121,10/15/2023,October,CUST121,Female,28,Electronics,4,50,200
431,10/15/2023,October,CUST431,Male,63,Electronics,4,300,1200
370,10/16/2023,October,CUST370,Male,23,Electronics,2,30,60
711,10/16/2023,October,CUST711,Male,26,Electronics,3,500,1500
754,10/16/2023,October,CUST754,Female,43,Electronics,4,25,100
943,10/16/2023,October,CUST943,Female,57,Clothing,4,300,1200
350,10/17/2023,October,CUST350,Male,25,Beauty,3,25,75
786,10/17/2023,October,CUST786,Male,48,Clothing,4,25,100
109,10/18/2023,October,CUST109,Female,34,Electronics,4,500,2000
191,10/18/2023,October,CUST191,Male,64,Beauty,1,25,25
340,10/19/2023,October,CUST340,Female,36,Clothing,4,300,1200
555,10/19/2023,October,CUST555,Male,25,Beauty,1,300,300
826,10/19/2023,October,CUST826,Female,46,Clothing,1,300,300
962,10/19/2023,October,CUST962,Male,44,Clothing,2,30,60
249,10/20/2023,October,CUST249,Male,20,Clothing,1,50,50
922,10/21/2023,October,CUST922,Male,41,Electronics,1,50,50
600,10/22/2023,October,CUST600,Female,59,Beauty,2,500,1000
680,10/22/2023,October,CUST680,Female,53,Clothing,3,300,900
770,10/22/2023,October,CUST770,Male,32,Clothing,1,50,50
60,10/23/2023,October,CUST060,Male,30,Beauty,3,50,150
250,10/23/2023,October,CUST250,Male,48,Electronics,1,50,50
516,10/23/2023,October,CUST516,Male,30,Beauty,4,25,100
937,10/23/2023,October,CUST937,Female,62,Beauty,1,500,500
318,10/24/2023,October,CUST318,Male,61,Clothing,1,25,25
342,10/24/2023,October,CUST342,Female,43,Clothing,4,500,2000
564,10/24/2023,October,CUST564,Male,50,Electronics,2,50,100
767,10/24/2023,October,CUST767,Male,39,Beauty,3,25,75
503,10/25/2023,October,CUST503,Male,45,Beauty,4,500,2000
869,10/25/2023,October,CUST869,Male,37,Beauty,3,500,1500
126,10/26/2023,October,CUST126,Female,28,Clothing,3,30,90
349,10/26/2023,October,CUST349,Female,57,Beauty,1,50,50
440,10/26/2023,October,CUST440,Male,64,Clothing,2,300,600
124,10/27/2023,October,CUST124,Male,33,Clothing,4,500,2000
324,10/27/2023,October,CUST324,Female,52,Electronics,3,50,150
677,10/27/2023,October,CUST677,Female,19,Beauty,3,500,1500
30,10/29/2023,October,CUST030,Female,39,Beauty,3,300,900
226,10/29/2023,October,CUST226,Female,61,Clothing,1,50,50
229,10/29/2023,October,CUST229,Male,58,Beauty,3,30,90
896,10/29/2023,October,CUST896,Female,30,Electronics,2,25,50
959,10/29/2023,October,CUST959,Female,42,Electronics,2,30,60
998,10/29/2023,October,CUST998,Female,23,Beauty,4,25,100
12,10/30/2023,October,CUST012,Male,35,Beauty,3,25,75
710,10/31/2023,October,CUST710,Female,26,Electronics,3,500,1500
776,10/31/2023,October,CUST776,Male,35,Clothing,3,30,90
817,10/31/2023,October,CUST817,Male,30,Beauty,4,50,200
334,11/1/2023,November,CUST334,Male,31,Electronics,3,300,900
343,11/1/2023,November,CUST343,Male,21,Electronics,2,25,50
628,11/1/2023,November,CUST628,Female,19,Beauty,4,50,200
983,11/1/2023,November,CUST983,Female,29,Clothing,1,300,300
141,11/2/2023,November,CUST141,Female,22,Electronics,1,50,50
145,11/2/2023,November,CUST145,Female,39,Clothing,3,25,75
507,11/2/2023,November,CUST507,Female,37,Electronics,3,500,1500
841,11/2/2023,November,CUST841,Male,31,Electronics,4,25,100
898,11/2/2023,November,CUST898,Female,42,Clothing,3,30,90
951,11/2/2023,November,CUST951,Male,33,Beauty,2,50,100
181,11/3/2023,November,CUST181,Male,19,Electronics,4,300,1200
784,11/4/2023,November,CUST784,Female,34,Electronics,1,500,500
20,11/5/2023,November,CUST020,Male,22,Clothing,3,300,900
690,11/5/2023,November,CUST690,Female,52,Clothing,3,300,900
47,11/6/2023,November,CUST047,Female,40,Beauty,3,500,1500
405,11/6/2023,November,CUST405,Female,25,Clothing,4,300,1200
205,11/7/2023,November,CUST205,Female,43,Clothing,1,25,25
512,11/7/2023,November,CUST512,Female,57,Beauty,1,25,25
565,11/7/2023,November,CUST565,Female,45,Beauty,2,30,60
761,11/7/2023,November,CUST761,Female,33,Clothing,1,500,500
762,11/7/2023,November,CUST762,Female,24,Electronics,2,25,50
950,11/7/2023,November,CUST950,Male,36,Clothing,3,300,900
86,11/8/2023,November,CUST086,Male,19,Beauty,3,30,90
173,11/8/2023,November,CUST173,Male,64,Electronics,4,30,120
595,11/9/2023,November,CUST595,Female,18,Clothing,4,500,2000
827,11/9/2023,November,CUST827,Male,61,Beauty,3,300,900
965,11/9/2023,November,CUST965,Male,22,Clothing,4,50,200
388,11/10/2023,November,CUST388,Male,50,Electronics,1,25,25
631,11/10/2023,November,CUST631,Male,56,Electronics,3,30,90
554,11/12/2023,November,CUST554,Female,46,Beauty,3,50,150
812,11/12/2023,November,CUST812,Male,19,Electronics,3,25,75
58,11/13/2023,November,CUST058,Male,18,Clothing,4,300,1200
952,11/13/2023,November,CUST952,Female,57,Clothing,1,25,25
345,11/14/2023,November,CUST345,Male,62,Electronics,1,30,30
458,11/14/2023,November,CUST458,Female,39,Electronics,4,25,100
582,11/14/2023,November,CUST582,Male,35,Clothing,3,300,900
963,11/14/2023,November,CUST963,Female,55,Beauty,1,50,50
369,11/15/2023,November,CUST369,Male,23,Electronics,3,500,1500
706,11/15/2023,November,CUST706,Male,51,Electronics,4,25,100
747,11/15/2023,November,CUST747,Male,23,Beauty,1,30,30
533,11/16/2023,November,CUST533,Male,19,Electronics,3,500,1500
169,11/17/2023,November,CUST169,Male,18,Beauty,3,500,1500
645,11/17/2023,November,CUST645,Female,35,Electronics,4,30,120
968,11/17/2023,November,CUST968,Female,48,Clothing,3,300,900
997,11/17/2023,November,CUST997,Male,52,Beauty,3,30,90
57,11/18/2023,November,CUST057,Female,63,Beauty,1,30,30
137,11/18/2023,November,CUST137,Male,46,Beauty,2,500,1000
778,11/18/2023,November,CUST778,Female,47,Beauty,4,25,100
599,11/19/2023,November,CUST599,Female,28,Beauty,2,50,100
938,11/19/2023,November,CUST938,Male,49,Clothing,4,50,200
234,11/20/2023,November,CUST234,Female,62,Electronics,2,25,50
410,11/21/2023,November,CUST410,Female,29,Clothing,2,50,100
417,11/21/2023,November,CUST417,Male,43,Electronics,3,300,900
581,11/21/2023,November,CUST581,Female,48,Beauty,2,30,60
74,11/22/2023,November,CUST074,Female,18,Beauty,4,500,2000
87,11/22/2023,November,CUST087,Female,28,Beauty,2,50,100
803,11/22/2023,November,CUST803,Male,39,Clothing,4,25,100
424,11/23/2023,November,CUST424,Male,57,Beauty,4,300,1200
641,11/23/2023,November,CUST641,Female,40,Electronics,1,300,300
918,11/23/2023,November,CUST918,Female,42,Electronics,3,30,90
1,11/24/2023,November,CUST001,Male,34,Beauty,3,50,150
95,11/24/2023,November,CUST095,Female,32,Clothing,2,30,60
171,11/24/2023,November,CUST171,Female,52,Clothing,3,300,900
156,11/25/2023,November,CUST156,Female,43,Clothing,4,25,100
493,11/25/2023,November,CUST493,Male,41,Beauty,2,25,50
115,11/26/2023,November,CUST115,Male,51,Clothing,3,500,1500
715,11/26/2023,November,CUST715,Female,42,Beauty,4,25,100
267,11/27/2023,November,CUST267,Female,32,Beauty,3,30,90
362,11/27/2023,November,CUST362,Male,50,Clothing,1,25,25
856,11/27/2023,November,CUST856,Male,54,Electronics,4,30,120
84,11/28/2023,November,CUST084,Female,38,Electronics,3,30,90
795,11/28/2023,November,CUST795,Male,57,Electronics,1,300,300
24,11/29/2023,November,CUST024,Female,49,Clothing,1,300,300
215,11/29/2023,November,CUST215,Male,58,Clothing,3,500,1500
739,11/29/2023,November,CUST739,Male,36,Beauty,1,25,25
289,11/30/2023,November,CUST289,Male,53,Electronics,2,30,60
741,11/30/2023,November,CUST741,Male,48,Clothing,1,300,300
810,11/30/2023,November,CUST810,Male,59,Electronics,4,25,100
266,12/1/2023,December,CUST266,Female,19,Electronics,2,30,60
389,12/1/2023,December,CUST389,Male,21,Clothing,2,25,50
112,12/2/2023,December,CUST112,Male,37,Clothing,3,500,1500
566,12/2/2023,December,CUST566,Female,64,Clothing,1,30,30
608,12/2/2023,December,CUST608,Female,55,Electronics,3,500,1500
348,12/3/2023,December,CUST348,Female,35,Electronics,2,300,600
199,12/4/2023,December,CUST199,Male,45,Beauty,3,500,1500
258,12/4/2023,December,CUST258,Female,37,Clothing,1,50,50
485,12/4/2023,December,CUST485,Male,24,Electronics,1,30,30
576,12/4/2023,December,CUST576,Female,33,Beauty,3,50,150
65,12/5/2023,December,CUST065,Male,51,Electronics,4,500,2000
311,12/5/2023,December,CUST311,Female,32,Beauty,4,25,100
791,12/5/2023,December,CUST791,Female,51,Beauty,1,25,25
971,12/5/2023,December,CUST971,Female,27,Electronics,4,50,200
999,12/5/2023,December,CUST999,Female,36,Electronics,3,50,150
395,12/6/2023,December,CUST395,Male,50,Electronics,2,500,1000
535,12/6/2023,December,CUST535,Male,47,Beauty,3,30,90
580,12/6/2023,December,CUST580,Female,31,Clothing,3,500,1500
712,12/6/2023,December,CUST712,Female,57,Beauty,2,25,50
868,12/6/2023,December,CUST868,Female,25,Electronics,1,300,300
531,12/7/2023,December,CUST531,Male,31,Electronics,1,500,500
550,12/7/2023,December,CUST550,Male,40,Clothing,3,300,900
392,12/8/2023,December,CUST392,Male,27,Clothing,2,300,600
453,12/8/2023,December,CUST453,Female,26,Clothing,2,500,1000
540,12/8/2023,December,CUST540,Female,46,Electronics,3,300,900
625,12/8/2023,December,CUST625,Male,31,Clothing,1,300,300
244,12/9/2023,December,CUST244,Male,28,Beauty,2,50,100
355,12/9/2023,December,CUST355,Female,55,Electronics,1,500,500
468,12/9/2023,December,CUST468,Male,40,Electronics,1,25,25
700,12/9/2023,December,CUST700,Male,36,Electronics,4,500,2000
752,12/9/2023,December,CUST752,Male,29,Clothing,2,50,100
828,12/9/2023,December,CUST828,Female,33,Electronics,4,300,1200
80,12/10/2023,December,CUST080,Female,64,Clothing,2,30,60
214,12/10/2023,December,CUST214,Male,20,Beauty,2,30,60
361,12/10/2023,December,CUST361,Female,34,Electronics,4,300,1200
526,12/10/2023,December,CUST526,Male,33,Clothing,2,50,100
265,12/11/2023,December,CUST265,Male,55,Clothing,3,300,900
586,12/11/2023,December,CUST586,Male,50,Electronics,1,50,50
336,12/12/2023,December,CUST336,Female,52,Beauty,3,50,150
571,12/12/2023,December,CUST571,Female,41,Electronics,1,50,50
9,12/13/2023,December,CUST009,Male,63,Electronics,2,300,600
552,12/13/2023,December,CUST552,Female,49,Electronics,3,25,75
771,12/13/2023,December,CUST771,Male,24,Electronics,2,25,50
496,12/14/2023,December,CUST496,Male,23,Clothing,2,300,600
701,12/14/2023,December,CUST701,Female,52,Beauty,2,30,60
139,12/15/2023,December,CUST139,Male,36,Beauty,4,500,2000
151,12/15/2023,December,CUST151,Male,29,Clothing,1,50,50
83,12/16/2023,December,CUST083,Male,54,Electronics,2,50,100
153,12/16/2023,December,CUST153,Male,63,Electronics,2,500,1000
451,12/16/2023,December,CUST451,Female,45,Electronics,1,30,30
99,12/17/2023,December,CUST099,Female,50,Electronics,4,300,1200
783,12/17/2023,December,CUST783,Female,56,Clothing,1,300,300
409,12/18/2023,December,CUST409,Female,21,Electronics,3,300,900
525,12/18/2023,December,CUST525,Female,47,Beauty,2,25,50
939,12/18/2023,December,CUST939,Female,46,Electronics,1,300,300
994,12/18/2023,December,CUST994,Female,51,Beauty,2,500,1000
96,12/19/2023,December,CUST096,Female,44,Clothing,2,300,600
609,12/19/2023,December,CUST609,Female,47,Clothing,2,50,100
982,12/19/2023,December,CUST982,Female,46,Beauty,3,30,90
209,12/20/2023,December,CUST209,Female,30,Electronics,4,50,200
435,12/20/2023,December,CUST435,Female,30,Beauty,3,300,900
777,12/20/2023,December,CUST777,Male,48,Electronics,3,50,150
854,12/20/2023,December,CUST854,Male,29,Clothing,1,50,50
890,12/20/2023,December,CUST890,Male,34,Electronics,2,25,50
865,12/21/2023,December,CUST865,Female,42,Clothing,1,300,300
662,12/22/2023,December,CUST662,Male,48,Beauty,2,500,1000
309,12/23/2023,December,CUST309,Female,26,Beauty,1,25,25
544,12/23/2023,December,CUST544,Female,27,Electronics,1,25,25
602,12/23/2023,December,CUST602,Female,20,Electronics,1,300,300
615,12/23/2023,December,CUST615,Female,61,Clothing,4,25,100
678,12/23/2023,December,CUST678,Female,60,Electronics,3,300,900
781,12/23/2023,December,CUST781,Male,35,Beauty,1,500,500
34,12/24/2023,December,CUST034,Female,51,Clothing,3,50,150
916,12/24/2023,December,CUST916,Female,32,Electronics,1,50,50
757,12/25/2023,December,CUST757,Female,43,Electronics,4,300,1200
25,12/26/2023,December,CUST025,Female,64,Beauty,1,50,50
82,12/26/2023,December,CUST082,Female,32,Beauty,4,50,200
472,12/26/2023,December,CUST472,Female,38,Beauty,3,300,900
842,12/26/2023,December,CUST842,Female,47,Clothing,2,300,600
879,12/26/2023,December,CUST879,Male,23,Clothing,1,30,30
991,12/26/2023,December,CUST991,Female,34,Clothing,2,50,100
62,12/27/2023,December,CUST062,Male,18,Beauty,2,50,100
386,12/27/2023,December,CUST386,Female,54,Electronics,2,300,600
429,12/28/2023,December,CUST429,Male,64,Electronics,2,25,50
664,12/28/2023,December,CUST664,Female,44,Clothing,4,500,2000
989,12/28/2023,December,CUST989,Female,44,Electronics,1,25,25
233,12/29/2023,December,CUST233,Female,51,Beauty,2,300,600
520,12/29/2023,December,CUST520,Female,49,Electronics,4,25,100
805,12/29/2023,December,CUST805,Female,30,Beauty,3,500,1500
908,12/29/2023,December,CUST908,Male,46,Beauty,4,300,1200
857,12/31/2023,December,CUST857,Male,60,Electronics,2,25,50
